{
	"realtime": {
		"esp32": {
			"accelerometer": {
			  "x": -0.4956,
			  "y": 0.52433,
			  "z": 7.74524
			},
			"gyro": {
			  "x": 0.07301,
			  "y": -0.12044,
			  "z": 0.24035
			},
			"temperature": 29.14177
		  }
	}
}