{
	"realtime": {
		"esp32": {
			"accelerometer": {
			  "x": -3.31597,
			  "y": 2.94966,
			  "z": 4.92727
			},
			"gyro": {
			  "x": 0.55371,
			  "y": -1.99607,
			  "z": 0.10259
			},
			"temperature": 29.36529
		  }
	}
}